codigo_comuna,codigo_distrito
15202,1
15202,2
15202,3
15202,4
15202,99
15201,1
15201,2
15201,3
15201,4
15201,5
15201,6
15201,7
15201,8
15201,99
15102,1
15102,2
15102,3
15102,4
15102,5
15101,1
15101,2
15101,3
15101,4
15101,5
15101,6
15101,7
15101,8
15101,9
15101,10
15101,11
15101,12
15101,13
15101,14
15101,15
15101,16
15101,17
15101,18
15101,19
15101,99
14204,1
14204,2
14204,3
14204,5
14204,6
14204,7
14204,8
14204,9
14204,10
14204,11
14204,99
14203,1
14203,2
14203,3
14203,4
14203,5
14203,99
14202,1
14202,2
14202,3
14202,4
14202,5
14202,6
14202,99
14201,1
14201,2
14201,3
14201,4
14201,5
14201,6
14201,7
14201,8
14201,9
14201,99
14108,1
14108,2
14108,3
14108,4
14108,5
14108,6
14108,7
14108,8
14108,9
14108,10
14108,11
14108,12
14108,99
14107,1
14107,2
14107,3
14107,4
14107,5
14107,99
14106,1
14106,2
14106,3
14106,4
14106,5
14106,6
14106,7
14106,99
14105,1
14105,2
14105,3
14105,4
14105,5
14105,99
14104,1
14104,2
14104,3
14104,4
14104,5
14104,6
14104,7
14104,10
14104,12
14104,99
14103,1
14103,2
14103,3
14103,4
14103,5
14103,6
14103,7
14103,99
14102,1
14102,2
14102,3
14102,4
14102,99
14101,1
14101,2
14101,3
14101,4
14101,5
14101,6
14101,7
14101,8
14101,9
14101,10
14101,11
14101,12
14101,13
14101,14
14101,15
14101,16
14101,17
14101,18
14101,19
14101,99
13605,1
13605,2
13605,3
13605,99
13604,1
13604,2
13604,3
13604,4
13604,5
13604,99
13603,1
13603,2
13603,3
13603,4
13603,5
13603,99
13602,1
13602,2
13602,3
13602,99
13601,1
13601,2
13601,3
13601,4
13601,99
13505,1
13505,2
13505,3
13505,4
13505,5
13505,6
13505,99
13504,1
13504,2
13504,3
13504,4
13504,5
13504,99
13503,1
13503,2
13503,3
13503,4
13503,5
13503,6
13503,7
13503,8
13503,99
13502,1
13502,2
13502,3
13502,4
13502,5
13502,99
13501,1
13501,2
13501,3
13501,4
13501,5
13501,6
13501,7
13501,8
13501,9
13501,10
13501,11
13501,12
13501,13
13501,14
13501,15
13501,16
13501,17
13501,99
13404,1
13404,2
13404,3
13404,4
13404,5
13404,6
13404,7
13404,8
13404,9
13404,99
13403,1
13403,2
13403,3
13403,4
13403,5
13403,99
13402,1
13402,2
13402,3
13402,4
13402,5
13402,6
13402,99
13401,1
13401,2
13401,3
13401,4
13401,5
13401,6
13401,7
13401,8
13401,9
13401,10
13401,11
13401,12
13401,13
13401,14
13401,99
13303,1
13303,2
13303,3
13303,4
13303,5
13303,99
13302,1
13302,2
13302,3
13302,4
13302,5
13302,99
13301,1
13301,2
13301,3
13301,4
13301,5
13301,6
13301,99
13203,1
13203,2
13203,3
13203,4
13203,5
13203,6
13203,99
13202,1
13202,2
13202,3
13202,99
13201,1
13201,2
13201,3
13201,4
13201,5
13201,6
13201,7
13201,8
13201,9
13201,10
13201,11
13201,12
13201,13
13201,14
13201,15
13201,16
13201,17
13201,18
13201,19
13201,99
13132,1
13132,2
13132,3
13132,4
13132,5
13132,99
13131,1
13131,2
13131,3
13131,4
13131,5
13131,6
13131,7
13131,99
13130,1
13130,2
13130,3
13130,4
13130,5
13130,6
13130,7
13130,99
13129,1
13129,2
13129,3
13129,4
13129,5
13129,6
13129,7
13129,99
13128,1
13128,2
13128,3
13128,4
13128,5
13128,6
13128,7
13128,8
13128,9
13128,10
13128,99
13127,1
13127,2
13127,3
13127,4
13127,5
13127,6
13127,7
13127,8
13127,9
13127,10
13127,11
13127,12
13127,13
13127,99
13126,1
13126,2
13126,3
13126,4
13126,5
13126,6
13126,7
13126,8
13126,9
13126,99
13125,1
13125,2
13125,3
13125,4
13125,99
13124,1
13124,2
13124,3
13124,4
13124,5
13124,6
13124,7
13124,8
13124,9
13124,10
13124,99
13123,1
13123,2
13123,3
13123,4
13123,5
13123,6
13123,7
13123,8
13123,99
13122,1
13122,2
13122,3
13122,4
13122,5
13122,6
13122,7
13122,8
13122,9
13122,10
13122,11
13122,99
13121,1
13121,2
13121,3
13121,4
13121,5
13121,6
13121,7
13121,8
13121,99
13120,1
13120,2
13120,3
13120,4
13120,5
13120,6
13120,7
13120,8
13120,9
13120,10
13120,11
13120,99
13119,1
13119,2
13119,3
13119,4
13119,5
13119,6
13119,7
13119,8
13119,9
13119,10
13119,11
13119,12
13119,13
13119,14
13119,15
13119,16
13119,17
13119,18
13119,19
13119,20
13119,21
13119,22
13119,23
13119,99
13118,1
13118,2
13118,3
13118,4
13118,5
13118,6
13118,99
13117,1
13117,2
13117,3
13117,4
13117,5
13117,6
13117,7
13117,99
13116,1
13116,2
13116,3
13116,4
13116,5
13116,6
13116,7
13116,99
13115,1
13115,2
13115,3
13115,4
13115,99
13114,1
13114,2
13114,3
13114,4
13114,5
13114,6
13114,7
13114,8
13114,9
13114,10
13114,11
13114,12
13114,13
13114,14
13114,15
13114,16
13114,99
13113,1
13113,2
13113,3
13113,4
13113,5
13113,6
13113,7
13113,99
13112,1
13112,2
13112,3
13112,4
13112,5
13112,6
13112,7
13112,8
13112,99
13111,1
13111,2
13111,3
13111,4
13111,5
13111,6
13111,7
13111,8
13111,99
13110,1
13110,2
13110,3
13110,4
13110,5
13110,6
13110,7
13110,8
13110,9
13110,10
13110,11
13110,12
13110,13
13110,14
13110,15
13110,16
13110,17
13110,18
13110,19
13110,20
13110,21
13110,99
13109,1
13109,2
13109,3
13109,4
13109,5
13109,6
13109,99
13108,1
13108,2
13108,3
13108,4
13108,5
13108,6
13108,7
13108,99
13107,1
13107,2
13107,3
13107,4
13107,5
13107,6
13107,99
13106,1
13106,2
13106,3
13106,4
13106,5
13106,6
13106,7
13106,8
13106,9
13106,10
13106,11
13106,12
13106,13
13106,14
13106,99
13105,1
13105,2
13105,3
13105,4
13105,5
13105,6
13105,7
13105,8
13105,9
13105,10
13105,99
13104,1
13104,2
13104,3
13104,4
13104,5
13104,6
13104,7
13104,8
13104,9
13104,10
13104,99
13103,1
13103,2
13103,3
13103,4
13103,5
13103,6
13103,7
13103,8
13103,9
13103,99
13102,1
13102,2
13102,3
13102,4
13102,99
13101,1
13101,2
13101,3
13101,4
13101,5
13101,6
13101,7
13101,8
13101,9
13101,10
13101,11
13101,12
13101,13
13101,14
13101,15
13101,16
13101,17
13101,18
13101,19
13101,20
13101,21
13101,22
13101,23
13101,24
13101,25
13101,26
13101,27
13101,28
13101,29
13101,99
12402,1
12402,2
12402,99
12401,1
12401,2
12401,3
12401,4
12401,5
12401,99
12303,1
12302,1
12302,2
12301,1
12301,2
12301,3
12301,99
12202,1
12202,2
12201,1
12201,2
12201,3
12201,99
12104,1
12104,2
12104,99
12103,1
12103,2
12102,1
12101,1
12101,2
12101,3
12101,4
12101,5
12101,6
12101,7
12101,8
12101,9
12101,10
12101,11
12101,12
12101,13
12101,14
12101,15
12101,99
11402,1
11402,2
11402,3
11402,4
11402,5
11402,6
11402,7
11402,99
11401,1
11401,2
11401,3
11401,4
11401,5
11401,99
11303,1
11302,2
11302,3
11302,4
11302,99
11301,1
11301,2
11301,3
11301,4
11301,5
11301,6
11301,7
11301,99
11203,1
11203,99
11202,1
11202,2
11202,3
11202,4
11202,5
11202,6
11202,99
11201,1
11201,2
11201,3
11201,4
11201,5
11201,6
11201,7
11201,99
11102,1
11102,2
11102,3
11102,4
11102,5
11102,99
11101,1
11101,2
11101,3
11101,4
11101,5
11101,6
11101,7
11101,8
11101,9
11101,10
11101,11
11101,12
11101,13
11101,99
10404,1
10404,2
10404,3
10404,4
10404,99
10403,1
10403,2
10403,3
10403,4
10403,5
10403,6
10403,99
10402,1
10402,2
10402,3
10402,99
10401,1
10401,2
10401,3
10401,4
10401,5
10401,6
10401,7
10401,8
10401,9
10401,99
10307,1
10307,2
10307,3
10307,4
10307,5
10307,6
10307,7
10307,8
10307,9
10307,10
10307,11
10307,12
10307,99
10306,1
10306,2
10306,3
10306,4
10306,5
10305,1
10305,2
10305,3
10305,4
10305,5
10305,6
10305,99
10304,1
10304,2
10304,3
10304,4
10304,99
10303,1
10303,2
10303,3
10303,4
10303,5
10303,6
10303,7
10303,8
10303,99
10302,1
10302,2
10302,3
10302,4
10302,99
10301,1
10301,2
10301,3
10301,4
10301,5
10301,6
10301,7
10301,8
10301,9
10301,10
10301,11
10301,12
10301,13
10301,14
10301,15
10301,16
10301,17
10301,18
10301,19
10301,99
10210,1
10210,2
10210,3
10210,4
10210,5
10210,6
10210,7
10210,8
10210,9
10210,10
10210,99
10209,1
10209,2
10209,3
10209,4
10209,5
10209,6
10209,7
10209,8
10209,9
10209,99
10208,1
10208,2
10208,3
10208,4
10208,5
10208,6
10208,7
10208,8
10208,9
10208,10
10208,99
10207,1
10207,2
10207,3
10207,4
10207,5
10207,6
10207,99
10206,1
10206,2
10206,3
10206,4
10205,1
10205,2
10205,3
10205,4
10205,5
10205,6
10205,99
10204,1
10204,2
10204,3
10204,99
10203,1
10203,2
10203,3
10203,4
10203,5
10203,6
10203,7
10203,8
10203,9
10203,99
10202,1
10202,2
10202,3
10202,4
10202,5
10202,6
10202,7
10202,8
10202,9
10202,10
10202,11
10202,99
10201,1
10201,2
10201,3
10201,4
10201,5
10201,6
10201,7
10201,8
10201,9
10201,10
10201,99
10109,1
10109,2
10109,3
10109,4
10109,5
10109,6
10109,7
10109,8
10109,9
10109,99
10108,1
10108,2
10108,3
10108,4
10108,5
10108,6
10108,7
10108,99
10107,1
10107,2
10107,3
10107,4
10107,99
10106,1
10106,2
10106,3
10106,4
10106,5
10106,6
10106,7
10106,8
10106,99
10105,1
10105,2
10105,3
10105,4
10105,99
10104,1
10104,2
10104,3
10104,4
10104,5
10104,6
10104,99
10103,1
10103,2
10103,3
10103,4
10103,5
10103,99
10102,1
10102,2
10102,3
10102,4
10102,5
10102,6
10102,7
10102,8
10102,9
10102,10
10102,11
10102,12
10102,13
10102,14
10102,15
10102,16
10102,17
10102,18
10102,19
10102,20
10102,99
10101,1
10101,2
10101,3
10101,4
10101,5
10101,6
10101,7
10101,8
10101,9
10101,10
10101,11
10101,12
10101,13
10101,14
10101,15
10101,16
10101,17
10101,18
10101,99
9211,1
9211,2
9211,3
9211,4
9211,5
9211,6
9211,7
9211,8
9211,9
9211,10
9211,11
9211,12
9211,13
9211,14
9211,15
9211,16
9211,17
9211,18
9211,19
9211,99
9210,1
9210,2
9210,3
9210,4
9210,5
9210,6
9210,7
9210,8
9210,9
9210,10
9210,11
9210,12
9210,13
9210,14
9210,99
9209,1
9209,2
9209,3
9209,4
9209,99
9208,1
9208,2
9208,3
9208,4
9208,5
9208,6
9208,99
9207,1
9207,2
9207,3
9207,4
9207,5
9207,6
9207,7
9207,8
9207,9
9207,10
9207,99
9206,1
9206,2
9206,3
9206,4
9206,5
9206,6
9206,7
9206,8
9206,9
9206,99
9205,1
9205,2
9205,3
9205,4
9205,5
9205,6
9205,7
9205,8
9205,99
9204,1
9204,2
9204,3
9204,4
9204,5
9204,99
9203,1
9203,2
9203,3
9203,4
9203,5
9203,6
9203,7
9203,8
9203,9
9203,10
9203,99
9202,1
9202,2
9202,3
9202,4
9202,5
9202,6
9202,7
9202,8
9202,9
9202,10
9202,11
9202,12
9202,13
9202,99
9201,1
9201,2
9201,3
9201,4
9201,5
9201,6
9201,7
9201,8
9201,9
9201,10
9201,11
9201,12
9201,13
9201,14
9201,15
9201,16
9201,99
9121,1
9121,2
9121,3
9121,4
9121,5
9121,99
9120,1
9120,2
9120,3
9120,4
9120,5
9120,6
9120,7
9120,8
9120,9
9120,10
9120,11
9120,12
9120,99
9119,1
9119,2
9119,3
9119,4
9119,5
9119,6
9119,7
9119,8
9119,9
9119,10
9119,11
9119,99
9118,1
9118,2
9118,3
9118,4
9118,5
9118,6
9118,7
9118,99
9117,1
9117,2
9117,3
9117,4
9117,5
9117,6
9117,7
9117,8
9117,99
9116,1
9116,2
9116,3
9116,4
9116,99
9115,1
9115,2
9115,3
9115,4
9115,5
9115,6
9115,99
9114,1
9114,2
9114,3
9114,4
9114,5
9114,6
9114,7
9114,99
9113,1
9113,2
9113,3
9113,4
9113,99
9112,1
9112,2
9112,3
9112,4
9112,5
9112,6
9112,7
9112,8
9112,9
9112,10
9112,99
9111,1
9111,2
9111,3
9111,4
9111,5
9111,6
9111,7
9111,8
9111,9
9111,10
9111,11
9111,99
9110,1
9110,2
9110,99
9109,1
9109,2
9109,3
9109,4
9109,5
9109,6
9109,7
9109,8
9109,9
9109,10
9109,11
9109,99
9108,1
9108,2
9108,3
9108,4
9108,5
9108,6
9108,7
9108,8
9108,9
9108,10
9108,11
9108,12
9108,13
9108,14
9108,99
9107,1
9107,2
9107,3
9107,4
9107,5
9107,6
9107,7
9107,8
9107,9
9107,99
9106,1
9106,2
9106,3
9106,4
9106,5
9106,6
9106,7
9106,8
9106,9
9106,99
9105,1
9105,2
9105,3
9105,4
9105,5
9105,6
9105,7
9105,8
9105,9
9105,99
9104,1
9104,2
9104,99
9103,1
9103,2
9103,3
9103,4
9103,5
9103,6
9103,7
9103,8
9103,9
9103,10
9103,11
9103,12
9103,13
9103,99
9102,1
9102,2
9102,3
9102,4
9102,5
9102,6
9102,7
9102,8
9102,9
9102,10
9102,11
9102,12
9102,99
9101,1
9101,2
9101,3
9101,4
9101,5
9101,6
9101,7
9101,8
9101,9
9101,10
9101,11
9101,12
9101,13
9101,14
9101,15
9101,16
9101,17
9101,18
9101,19
9101,99
16109,1
16109,2
16109,3
16109,4
16109,5
16109,6
16109,7
16109,8
16109,9
16109,10
16109,99
16207,1
16207,2
16207,3
16305,1
16305,2
16305,3
16305,4
16305,5
16305,6
16305,7
16108,1
16108,2
16108,3
16108,4
16108,5
16108,6
16108,99
16304,1
16304,2
16304,3
16304,4
16304,5
16304,99
16301,1
16301,2
16301,3
16301,4
16301,5
16301,6
16301,7
16301,8
16301,9
16301,10
16301,11
16301,12
16301,13
16301,14
16301,99
16206,1
16206,2
16206,3
16206,99
16201,1
16201,2
16201,3
16201,4
16201,5
16201,6
16201,99
16107,1
16107,2
16107,3
16107,4
16107,5
16107,6
16107,99
16205,1
16205,2
16205,3
16205,99
16106,1
16106,2
16106,3
16106,4
16106,5
16106,6
16106,99
16105,1
16105,2
16105,3
16105,4
16105,5
16105,6
16105,7
16105,8
16105,9
16105,99
16303,1
16303,2
16303,3
16303,4
16303,5
16303,6
16303,99
16204,1
16204,2
16204,3
16204,4
16204,99
16104,1
16104,2
16104,3
16104,4
16104,5
16104,6
16104,7
16104,99
16103,1
16103,2
16103,3
16103,4
16103,5
16103,99
16302,1
16302,2
16302,3
16302,4
16302,5
16302,6
16302,7
16302,8
16302,9
16302,10
16302,11
16302,12
16302,99
16203,1
16203,2
16203,3
16203,4
16203,99
16202,1
16202,2
16202,3
16202,4
16202,5
16202,99
16102,1
16102,2
16102,3
16102,4
16102,5
16102,6
16102,7
16102,8
16102,99
16101,1
16101,2
16101,3
16101,4
16101,5
16101,6
16101,7
16101,8
16101,9
16101,10
16101,11
16101,12
16101,13
16101,14
16101,15
16101,16
16101,17
16101,99
8314,1
8314,2
8314,3
8314,4
8314,99
8313,1
8313,2
8313,3
8313,4
8313,5
8313,6
8313,7
8313,8
8313,9
8313,99
8312,1
8312,2
8312,3
8312,4
8312,5
8312,99
8311,1
8311,2
8311,3
8311,4
8311,5
8311,7
8311,8
8311,99
8310,1
8310,3
8310,99
8309,1
8309,2
8309,3
8309,4
8309,5
8309,6
8309,99
8308,1
8308,2
8308,3
8308,4
8308,99
8307,1
8307,2
8307,3
8307,99
8306,1
8306,2
8306,3
8306,4
8306,5
8306,6
8306,7
8306,99
8305,1
8305,2
8305,3
8305,4
8305,8
8305,9
8305,10
8305,11
8305,12
8305,13
8305,14
8305,15
8305,99
8304,1
8304,2
8304,3
8304,4
8304,5
8304,99
8303,1
8303,2
8303,3
8303,4
8303,5
8303,99
8302,1
8302,2
8302,4
8302,99
8301,1
8301,2
8301,3
8301,4
8301,5
8301,6
8301,7
8301,8
8301,9
8301,10
8301,11
8301,12
8301,13
8301,14
8301,15
8301,16
8301,17
8301,18
8301,19
8301,20
8301,21
8301,99
8207,1
8207,2
8207,3
8207,4
8207,99
8206,1
8206,2
8206,3
8206,4
8206,5
8206,99
8205,1
8205,2
8205,3
8205,4
8205,5
8205,6
8205,7
8205,8
8205,9
8205,99
8204,1
8204,2
8204,3
8204,4
8203,1
8203,2
8203,3
8203,4
8203,5
8203,6
8203,7
8203,8
8203,9
8203,10
8203,11
8203,12
8203,99
8202,1
8202,2
8202,3
8202,4
8202,5
8202,6
8202,7
8202,8
8202,9
8202,99
8201,1
8201,2
8201,3
8201,5
8201,6
8201,7
8201,8
8201,9
8201,10
8201,99
8112,1
8112,2
8112,3
8112,4
8112,5
8112,6
8112,99
8111,1
8111,2
8111,3
8111,4
8111,5
8111,6
8111,7
8111,8
8111,9
8111,10
8111,11
8111,99
8110,1
8110,2
8110,3
8110,4
8110,5
8110,6
8110,7
8110,8
8110,9
8110,10
8110,11
8110,12
8110,13
8110,14
8110,15
8110,16
8110,17
8110,99
8109,1
8109,2
8109,3
8109,4
8109,5
8109,6
8109,7
8109,8
8109,9
8109,10
8109,11
8109,99
8108,1
8108,2
8108,3
8108,4
8108,5
8108,6
8108,99
8107,1
8107,2
8107,3
8107,4
8107,5
8107,6
8107,99
8106,1
8106,2
8106,3
8106,4
8106,5
8106,6
8106,99
8105,1
8105,2
8105,3
8105,4
8105,5
8105,6
8105,7
8105,8
8105,9
8105,10
8105,99
8104,1
8104,2
8104,3
8104,4
8104,5
8104,6
8104,99
8103,1
8103,2
8103,3
8103,4
8103,5
8103,6
8103,99
8102,1
8102,2
8102,3
8102,4
8102,5
8102,6
8102,7
8102,8
8102,9
8102,10
8102,11
8102,99
8101,1
8101,2
8101,3
8101,4
8101,5
8101,6
8101,7
8101,8
8101,9
8101,10
8101,11
8101,12
8101,13
8101,14
8101,15
8101,16
8101,17
8101,18
8101,19
8101,20
8101,21
8101,22
8101,23
8101,24
8101,25
8101,26
8101,27
8101,28
8101,29
8101,30
8101,31
8101,32
8101,99
7408,1
7408,2
7408,3
7408,4
7408,5
7408,6
7408,7
7408,99
7407,1
7407,2
7407,3
7407,4
7407,5
7407,6
7407,99
7406,1
7406,2
7406,3
7406,4
7406,5
7406,6
7406,7
7406,8
7406,9
7406,10
7406,11
7406,12
7406,13
7406,14
7406,15
7406,99
7405,1
7405,2
7405,3
7405,4
7405,5
7405,6
7405,7
7405,99
7404,1
7404,2
7404,3
7404,4
7404,5
7404,6
7404,7
7404,8
7404,9
7404,10
7404,11
7404,12
7404,13
7404,14
7404,99
7403,1
7403,2
7403,3
7403,4
7403,5
7403,6
7403,7
7403,8
7403,9
7403,10
7403,99
7402,1
7402,2
7402,3
7402,4
7402,5
7402,6
7402,7
7402,8
7402,9
7402,99
7401,1
7401,2
7401,3
7401,4
7401,5
7401,6
7401,7
7401,8
7401,9
7401,10
7401,11
7401,99
7309,1
7309,2
7309,3
7309,4
7308,1
7308,2
7308,3
7308,4
7308,5
7308,6
7308,7
7308,99
7307,1
7307,2
7307,3
7307,4
7307,5
7307,6
7307,7
7307,8
7307,9
7307,99
7306,1
7306,2
7306,3
7306,4
7306,5
7306,99
7305,1
7305,2
7305,3
7305,4
7305,99
7304,1
7304,2
7304,3
7304,4
7304,5
7304,6
7304,7
7304,8
7304,9
7304,10
7304,99
7303,1
7303,2
7303,3
7303,99
7302,1
7302,2
7302,3
7302,4
7302,99
7301,1
7301,2
7301,3
7301,4
7301,5
7301,6
7301,7
7301,8
7301,9
7301,10
7301,11
7301,12
7301,13
7301,14
7301,15
7301,16
7301,17
7301,18
7301,99
7203,1
7203,2
7203,3
7203,99
7202,1
7202,2
7202,3
7202,4
7202,5
7202,6
7202,99
7201,1
7201,2
7201,3
7201,4
7201,5
7201,6
7201,7
7201,8
7201,9
7201,10
7201,11
7201,12
7201,13
7201,14
7201,15
7201,16
7201,17
7201,18
7201,99
7110,1
7110,2
7110,99
7109,1
7109,2
7109,3
7109,4
7109,5
7109,6
7109,7
7109,8
7109,9
7109,10
7109,11
7109,12
7109,13
7109,14
7109,99
7108,1
7108,2
7108,3
7108,4
7108,5
7108,6
7108,99
7107,1
7107,2
7107,3
7107,4
7107,5
7107,6
7107,7
7107,99
7106,1
7106,2
7106,3
7106,99
7105,1
7105,2
7105,3
7105,4
7105,5
7105,6
7105,7
7105,8
7105,99
7104,1
7104,2
7104,3
7104,4
7104,5
7104,99
7103,1
7103,2
7103,3
7103,4
7103,5
7103,6
7103,7
7103,8
7103,9
7103,10
7103,11
7103,99
7102,1
7102,2
7102,3
7102,4
7102,5
7102,6
7102,7
7102,99
7101,1
7101,2
7101,3
7101,4
7101,5
7101,6
7101,7
7101,8
7101,9
7101,10
7101,11
7101,12
7101,13
7101,14
7101,15
7101,16
7101,99
6310,1
6310,2
6310,3
6310,4
6310,5
6310,6
6310,7
6310,8
6310,9
6310,10
6310,99
6309,1
6309,2
6309,3
6309,4
6309,5
6308,1
6308,2
6308,3
6308,4
6308,99
6307,1
6307,2
6307,3
6307,4
6307,99
6306,1
6306,2
6306,3
6306,4
6306,5
6306,99
6305,1
6305,2
6305,3
6305,4
6305,5
6305,6
6305,99
6304,1
6304,2
6304,3
6304,4
6304,99
6303,1
6303,2
6303,3
6303,4
6303,5
6303,6
6303,7
6303,8
6303,9
6303,10
6303,11
6303,12
6303,99
6302,1
6302,2
6302,3
6302,4
6302,5
6302,99
6301,1
6301,2
6301,3
6301,4
6301,5
6301,6
6301,7
6301,8
6301,9
6301,10
6301,11
6301,12
6301,13
6301,99
6206,1
6206,2
6206,3
6206,4
6206,5
6206,99
6205,1
6205,2
6205,3
6205,4
6205,5
6205,99
6204,1
6204,2
6204,3
6204,99
6203,1
6203,2
6203,3
6203,4
6203,5
6203,6
6203,7
6203,99
6202,1
6202,2
6202,3
6202,4
6202,99
6201,1
6201,2
6201,3
6201,4
6201,5
6201,6
6201,99
6117,1
6117,2
6117,3
6117,4
6117,5
6117,6
6117,7
6117,8
6117,9
6117,10
6117,11
6117,12
6117,99
6116,1
6116,2
6116,3
6116,4
6116,5
6116,6
6116,99
6115,1
6115,2
6115,3
6115,4
6115,5
6115,6
6115,7
6115,8
6115,9
6115,10
6115,11
6115,99
6114,1
6114,2
6114,3
6114,4
6114,99
6113,1
6113,2
6113,3
6113,4
6113,5
6113,6
6113,7
6113,99
6112,1
6112,2
6112,3
6112,4
6112,99
6111,1
6111,2
6111,3
6111,99
6110,1
6110,2
6110,3
6110,4
6110,99
6109,1
6109,2
6109,3
6109,4
6109,5
6109,6
6109,7
6109,8
6109,99
6108,1
6108,2
6108,3
6108,4
6108,6
6108,7
6108,8
6108,9
6108,99
6107,1
6107,2
6107,3
6107,4
6107,5
6107,6
6107,7
6107,8
6107,9
6107,10
6107,99
6106,1
6106,2
6106,3
6106,4
6106,99
6105,1
6105,2
6105,3
6105,4
6105,99
6104,1
6104,2
6104,3
6104,4
6104,5
6104,6
6104,7
6104,8
6104,99
6103,1
6103,2
6103,3
6103,4
6103,99
6102,1
6102,2
6102,3
6102,99
6101,1
6101,2
6101,3
6101,4
6101,5
6101,6
6101,7
6101,8
6101,9
6101,10
6101,11
6101,12
6101,13
6101,14
6101,15
6101,16
6101,17
6101,18
6101,99
5804,1
5804,2
5804,3
5804,4
5804,5
5804,6
5804,7
5804,8
5804,99
5803,1
5803,2
5803,3
5803,4
5803,5
5803,99
5802,1
5802,2
5802,3
5802,4
5802,5
5802,6
5802,7
5802,8
5802,99
5801,1
5801,2
5801,3
5801,4
5801,5
5801,6
5801,7
5801,8
5801,9
5801,10
5801,11
5801,12
5801,99
5706,1
5706,2
5706,3
5706,4
5706,5
5706,6
5706,99
5705,1
5705,2
5705,3
5705,4
5705,5
5705,6
5705,7
5705,99
5704,1
5704,2
5704,3
5704,4
5703,1
5703,2
5703,3
5703,4
5703,99
5702,1
5702,2
5702,3
5702,4
5702,5
5702,6
5702,99
5701,1
5701,2
5701,3
5701,4
5701,5
5701,6
5701,7
5701,8
5701,9
5701,10
5701,99
5606,1
5606,2
5606,3
5606,99
5605,1
5605,2
5605,99
5604,1
5604,99
5603,1
5603,2
5603,3
5603,99
5602,1
5602,2
5602,3
5602,99
5601,1
5601,2
5601,3
5601,4
5601,5
5601,6
5601,99
5506,1
5506,2
5506,3
5506,5
5506,99
5504,1
5504,2
5504,3
5504,4
5504,5
5504,99
5503,1
5503,2
5503,3
5503,4
5503,5
5503,99
5502,1
5502,2
5502,3
5502,4
5502,5
5502,99
5501,1
5501,2
5501,3
5501,4
5501,5
5501,6
5501,7
5501,8
5501,9
5501,10
5501,11
5501,12
5501,13
5501,99
5405,1
5405,2
5405,3
5405,4
5405,5
5405,99
5404,1
5404,2
5404,3
5404,4
5404,5
5404,6
5404,7
5404,8
5404,9
5404,99
5403,1
5403,2
5403,99
5402,1
5402,2
5402,3
5402,4
5402,5
5402,6
5402,7
5402,8
5402,9
5402,10
5402,11
5402,12
5402,13
5402,14
5402,99
5401,1
5401,2
5401,3
5401,4
5401,5
5401,6
5401,7
5401,8
5401,9
5401,10
5401,11
5401,12
5401,13
5401,99
5304,1
5304,2
5304,3
5304,4
5304,5
5304,6
5304,7
5304,8
5304,9
5304,99
5303,1
5303,2
5303,3
5303,4
5303,99
5302,1
5302,2
5302,3
5302,4
5302,5
5302,99
5301,1
5301,2
5301,3
5301,4
5301,5
5301,6
5301,99
5201,1
5201,2
5201,99
5109,1
5109,2
5109,3
5109,4
5109,5
5109,6
5109,7
5109,8
5109,9
5109,10
5109,11
5109,12
5109,13
5109,14
5109,15
5109,16
5109,17
5109,18
5109,19
5109,20
5109,21
5109,99
5107,1
5107,2
5107,3
5107,99
5105,1
5105,2
5105,3
5105,4
5105,5
5105,6
5105,7
5105,8
5105,99
5104,1
5104,99
5103,1
5103,2
5103,99
5102,1
5102,2
5102,3
5102,4
5102,5
5102,6
5102,7
5102,8
5102,9
5102,10
5102,11
5102,12
5102,13
5102,99
5101,1
5101,2
5101,3
5101,4
5101,5
5101,6
5101,7
5101,8
5101,9
5101,10
5101,11
5101,12
5101,13
5101,14
5101,15
5101,16
5101,17
5101,18
5101,19
5101,20
5101,21
5101,22
5101,23
5101,24
5101,25
5101,26
5101,99
4305,1
4305,2
4305,3
4305,4
4305,5
4305,6
4305,7
4305,8
4305,9
4305,10
4305,99
4304,1
4304,2
4304,3
4304,4
4304,5
4304,6
4304,99
4303,1
4303,2
4303,3
4303,4
4303,5
4303,6
4303,7
4303,8
4303,9
4303,10
4303,11
4303,12
4303,13
4303,14
4303,15
4303,16
4303,17
4303,18
4303,19
4303,20
4303,21
4303,22
4303,99
4302,1
4302,2
4302,3
4302,4
4302,5
4302,6
4302,7
4302,8
4302,9
4302,10
4302,11
4302,12
4302,13
4302,14
4302,15
4302,99
4301,1
4301,2
4301,3
4301,4
4301,5
4301,6
4301,7
4301,8
4301,9
4301,10
4301,11
4301,12
4301,13
4301,14
4301,15
4301,16
4301,17
4301,18
4301,19
4301,20
4301,21
4301,22
4301,23
4301,24
4301,26
4301,27
4301,28
4301,29
4301,30
4301,31
4301,32
4301,33
4301,99
4204,1
4204,2
4204,3
4204,4
4204,5
4204,6
4204,7
4204,8
4204,9
4204,10
4204,11
4204,12
4204,13
4204,14
4204,15
4204,16
4204,17
4204,99
4203,1
4203,2
4203,3
4203,4
4203,5
4203,6
4203,7
4203,8
4203,99
4202,1
4202,2
4202,3
4202,4
4202,5
4202,6
4202,7
4202,8
4202,9
4202,10
4202,11
4202,12
4202,13
4202,14
4202,99
4201,1
4201,2
4201,3
4201,4
4201,5
4201,6
4201,7
4201,8
4201,9
4201,10
4201,11
4201,12
4201,99
4106,1
4106,2
4106,3
4106,4
4106,5
4106,6
4106,7
4106,8
4106,9
4106,10
4106,11
4106,12
4106,13
4106,15
4106,99
4105,1
4105,2
4105,3
4105,4
4105,5
4105,6
4105,7
4105,8
4105,99
4104,1
4104,2
4104,3
4104,4
4104,5
4104,6
4104,7
4104,8
4104,9
4104,99
4103,1
4103,3
4103,4
4103,99
4102,1
4102,2
4102,3
4102,4
4102,5
4102,6
4102,7
4102,8
4102,9
4102,10
4102,11
4102,12
4102,13
4102,14
4102,15
4102,16
4102,17
4102,18
4102,99
4101,1
4101,2
4101,3
4101,4
4101,5
4101,6
4101,7
4101,8
4101,9
4101,10
4101,11
4101,12
4101,13
4101,14
4101,15
4101,16
4101,17
4101,99
3304,1
3304,2
3304,99
3303,1
3303,2
3303,3
3303,4
3303,99
3302,1
3302,2
3302,3
3302,4
3302,5
3302,6
3302,7
3302,8
3302,9
3302,10
3302,11
3302,99
3301,1
3301,2
3301,3
3301,4
3301,5
3301,6
3301,7
3301,8
3301,9
3301,10
3301,11
3301,12
3301,13
3301,15
3301,99
3202,1
3202,2
3202,3
3202,4
3201,1
3201,2
3201,3
3201,99
3103,1
3103,2
3103,3
3103,4
3103,5
3103,6
3103,7
3103,99
3102,1
3102,2
3102,3
3102,4
3102,99
3101,1
3101,2
3101,3
3101,4
3101,5
3101,6
3101,7
3101,8
3101,9
3101,10
3101,11
3101,12
3101,13
3101,16
3101,17
3101,18
3101,19
3101,21
3101,22
3101,23
3101,24
3101,99
2302,1
2302,3
2302,4
2302,6
2302,99
2301,1
2301,2
2301,3
2301,4
2301,5
2301,6
2301,99
2203,1
2203,2
2203,3
2203,99
2202,1
2202,2
2201,1
2201,2
2201,3
2201,5
2201,6
2201,7
2201,8
2201,9
2201,10
2201,11
2201,12
2201,13
2201,14
2201,15
2201,99
2104,1
2104,2
2104,3
2104,4
2104,5
2104,7
2104,8
2104,9
2104,99
2103,1
2103,2
2103,3
2103,4
2103,99
2102,1
2102,2
2102,99
2101,1
2101,2
2101,3
2101,4
2101,5
2101,6
2101,7
2101,8
2101,9
2101,10
2101,11
2101,12
2101,13
2101,14
2101,15
2101,16
2101,17
2101,18
2101,99
1405,1
1405,2
1405,3
1405,4
1405,99
1404,1
1404,2
1404,3
1404,4
1404,5
1404,6
1404,7
1404,8
1404,99
1403,1
1403,2
1403,4
1403,99
1402,1
1402,99
1401,1
1401,2
1401,3
1401,5
1401,6
1401,7
1401,99
1107,1
1107,2
1107,3
1107,4
1107,99
1101,1
1101,2
1101,3
1101,4
1101,5
1101,6
1101,7
1101,8
1101,9
1101,10
1101,11
1101,99